,0,1,2,3,4,5,6,7,8,9,10,11,12,13,14,15,16,17,18,19,20,21,22,23,24,25,26,27,28,29,30,31,32,33,34,35,36,37,38,39,40,41,42,43,44,45,46,47,48,49,50,51,52,53,54,55,56,57,58,59,60,61,62,63,64,65,66,67,68,69,70,71,72,73,74,75,76,77,78,79,80,81,82,83,84,85,86,87,88,89,90
0,MS_METABOLITE_DATA_START,,,,,,,,,,,,,,,,,,,,,,,,,,,,,,,,,,,,,,,,,,,,,,,,,,,,,,,,,,,,,,,,,,,,,,,,,,,,,,,,,,,,,,,,,,
1,Samples,Plasma01-01_7_1_2272,Plasma01-02_7_1_2273,Plasma03-01_9_1_2276,Plasma03-02_9_1_2277,Plasma04-01_10_1_2278,Plasma04-02_10_1_2279,Plasma05-01_11_1_2280,Plasma05-02_11_1_2281,Plasma06-01_12_1_2282,Plasma06-02_12_1_2283,Plasma07-01_13_1_2284,Plasma07-02_13_1_2285,Plasma17-01_23_1_2304,Plasma17-02_23_1_2305,Plasma18-01_24_1_2306,Plasma18-02_24_1_2307,Plasma19-01_25_1_2308,Plasma19-02_25_1_2309,Plasma20-01_26_1_2310,Plasma20-02_26_1_2311,Plasma21-01_27_1_2312,Plasma21-02_27_1_2313,Plasma22-01_28_1_2314,Plasma22-02_28_1_2315,Plasma23-01_29_1_2316,Plasma23-02_29_1_2317,Plasma24-01_30_1_2318,Plasma24-02_30_1_2319,Plasma25-01_31_1_2320,Plasma25-02_31_1_2321,Plasma26-01_32_1_2322,Plasma26-02_32_1_2323,Plasma27-01_33_1_2324,Plasma27-02_33_1_2325,Plasma28-01_34_1_2326,Plasma28-02_34_1_2327,Plasma29-01_35_1_2328,Plasma29-02_35_1_2329,Plasma30-01_36_1_2330,Plasma30-02_36_1_2331,Plasma31-01_37_1_2332,Plasma31-02_37_1_2333,Plasma32-01_38_1_2338,Plasma32-02_38_1_2339,Plasma33-01_39_1_2340,Plasma33-02_39_1_2341,Plasma34-01_40_1_2342,Plasma34-02_40_1_2343,Plasma65-01_71_1_2418,Plasma65-02_71_1_2419,Plasma66-01_72_1_2420,Plasma66-02_72_1_2421,Plasma67-01_73_1_2422,Plasma67-02_73_1_2423,Plasma68-01_74_1_2424,Plasma68-02_74_1_2425,Plasma69-01_75_1_2426,Plasma69-02_75_1_2427,Plasma70-01_76_1_2428,Plasma70-02_76_1_2429,Plasma71-01_77_1_2430,Plasma71-02_77_1_2431,Plasma72-01_78_1_2432,Plasma72-02_78_1_2433,Plasma73-01_79_1_2434,Plasma73-02_79_1_2435,Plasma74-01_80_1_2436,Plasma74-02_80_1_2437,Plasma75-01_81_1_2438,Plasma75-02_81_1_2439,Plasma76-01_82_1_2440,Plasma76-02_82_1_2441,Plasma77-01_83_1_2442,Plasma77-02_83_1_2443,Plasma78-01_84_1_2444,Plasma78-02_84_1_2445,Plasma79-01_85_1_2446,Plasma79-02_85_1_2447,Plasma80-01_86_1_2448,Plasma80-02_86_1_2449,Plasma81-01_87_1_2450,Plasma81-02_87_1_2451,Plasma82-01_88_1_2452,Plasma82-02_88_1_2453,Plasma83-01_89_1_2454,Plasma83-02_89_1_2455,Plasma84-01_90_1_2456,Plasma84-02_90_1_2457,Plasma85-01_91_1_2458,Plasma85-02_91_1_2459
2,Factors,Severity of Disease:Severe,Severity of Disease:Severe,Severity of Disease:Severe,Severity of Disease:Severe,Severity of Disease:Severe,Severity of Disease:Severe,Severity of Disease:Severe,Severity of Disease:Severe,Severity of Disease:Severe,Severity of Disease:Severe,Severity of Disease:Severe,Severity of Disease:Severe,Severity of Disease:Severe,Severity of Disease:Severe,Severity of Disease:Severe,Severity of Disease:Severe,Severity of Disease:Severe,Severity of Disease:Severe,Severity of Disease:Severe,Severity of Disease:Severe,Severity of Disease:Severe,Severity of Disease:Severe,Severity of Disease:Severe,Severity of Disease:Severe,Severity of Disease:Severe,Severity of Disease:Severe,Severity of Disease:Severe,Severity of Disease:Severe,Severity of Disease:Severe,Severity of Disease:Severe,Severity of Disease:Severe,Severity of Disease:Severe,Severity of Disease:Severe,Severity of Disease:Severe,Severity of Disease:Severe,Severity of Disease:Severe,Severity of Disease:Severe,Severity of Disease:Severe,Severity of Disease:Severe,Severity of Disease:Severe,Severity of Disease:Severe,Severity of Disease:Severe,Severity of Disease:Severe,Severity of Disease:Severe,Severity of Disease:Severe,Severity of Disease:Severe,Severity of Disease:Severe,Severity of Disease:Severe,Severity of Disease:Severe,Severity of Disease:Severe,Severity of Disease:Severe,Severity of Disease:Severe,Severity of Disease:Severe,Severity of Disease:Severe,Severity of Disease:Severe,Severity of Disease:Severe,Severity of Disease:Severe,Severity of Disease:Severe,Severity of Disease:Severe,Severity of Disease:Severe,Severity of Disease:Severe,Severity of Disease:Severe,Severity of Disease:Severe,Severity of Disease:Severe,Severity of Disease:Severe,Severity of Disease:Severe,Severity of Disease:Severe,Severity of Disease:Severe,Severity of Disease:Severe,Severity of Disease:Severe,Severity of Disease:Severe,Severity of Disease:Severe,Severity of Disease:Severe,Severity of Disease:Severe,Severity of Disease:Severe,Severity of Disease:Severe,Severity of Disease:Severe,Severity of Disease:Severe,Severity of Disease:Severe,Severity of Disease:Severe,Severity of Disease:Severe,Severity of Disease:Severe,Severity of Disease:Severe,Severity of Disease:Severe,Severity of Disease:Severe,Severity of Disease:Severe,Severity of Disease:Severe,Severity of Disease:Severe,Severity of Disease:Severe,Severity of Disease:Severe
3,"1,3-Dimethyluric acid",1536,1648,130,0,0,0,0,184,0,0,642,378,1994,2170,0,316,926,708,624,298,3494,4978,1394,1660,810,758,4222,4652,9036,7504,2334,2538,432,0,1644,1024,8576,8182,1970,2468,330,0,1940,2182,0,0,3002,2422,0,0,0,0,0,0,0,0,0,0,3632,3756,848,1106,0,0,332,0,1954,2578,0,0,302,320,242,950,708,1018,0,0,3326,3542,0,1126,270,150,0,0,640,238,1948,1616
4,1-Methyladenosine,856,730,596,1934,160,1410,2060,2610,2376,3150,3402,3212,0,164,464,162,1360,1126,1702,1206,1776,2318,2044,1862,1102,1074,2602,3218,1630,136,2174,74,1680,1382,2126,120,5040,4516,2428,1696,1430,1450,496,262,1168,1078,1678,1968,524,360,406,270,400,1034,2034,1140,190,100,1570,0,1186,1062,1244,1546,1690,2410,450,1290,132,926,848,0,1712,1422,1734,2138,1402,1114,1900,0,0,284,0,1190,0,0,0,0,0,1310
5,"2,5-Furandicarboxylic acid",8892,10082,11810,11820,9104,8732,11374,10326,11764,12838,12038,13738,12724,11578,6988,7204,12974,13852,11634,13560,14882,14794,13134,10826,9342,9912,14468,14404,10558,13340,14044,13482,10742,11150,11750,11726,11662,11338,10896,11740,13224,13580,11004,11150,8862,10652,12674,12200,2544,3224,2990,2922,5438,5718,4638,5402,2704,3406,11756,11414,6744,6120,10290,9924,8514,10094,7744,7468,7400,7468,6370,6754,10508,10300,12326,11204,5682,6588,10482,11058,10868,9928,6246,7746,5862,5898,13694,12278,7646,7288
6,2-Pyrrolidinone,18430,14266,18060,17312,12302,10476,7888,5930,3820,5146,6138,6600,5262,5456,4358,4498,6078,4592,4772,4344,5934,4786,3672,3928,4984,6032,5912,5740,4526,6630,5898,7506,4090,4486,4898,5514,5504,6132,5762,4642,6430,0,4702,4476,3868,4104,2690,3630,2746,2960,2304,2996,2600,2424,2994,3252,3668,4216,5144,3706,4484,4172,4316,4758,5156,6498,4296,3446,4014,2784,2790,2860,3604,3730,3608,3980,2126,3784,2286,2730,3706,3470,2672,3112,2340,2216,2544,2100,2142,2798
7,"3,4,5-Trimethoxycinnamic acid",29002,27858,18276,18574,7606,7020,82894,84282,47378,44246,45380,46252,25556,27624,24764,25274,26722,27466,14506,14418,11704,9848,128616,122116,3656,3578,17632,16840,9568,10236,10230,8810,25046,19236,29840,34932,2984,3462,13628,10232,51122,49064,15958,16596,16046,13630,41946,37146,4032,2424,2016,1942,3222,2882,11232,12212,408,402,15146,16844,12788,14566,21924,18732,7410,6796,4176,5742,5012,4758,5750,6252,1970,2132,9384,10826,10150,10500,37428,36358,3268,3636,8688,9074,10466,9814,2516,3174,7398,6916
8,"3,5-Dimethoxyphenol",5856,4650,5178,2636,4564,3468,2788,1756,4092,1956,3328,3564,2926,2712,3836,2526,3562,2502,3268,3546,3024,2366,2320,2236,1906,2306,2024,1992,2760,1840,2748,2150,3380,2386,3752,2492,1108,1072,2224,2094,2240,2792,2844,3084,2390,3370,2938,2134,2360,2250,1954,1594,2640,2260,1810,1764,2428,2808,1804,2120,2546,2080,3010,2584,1676,1520,1720,2044,2354,1794,1932,1552,2892,3006,2570,2730,2182,2242,1788,1460,2648,3026,2050,2244,2670,2118,2808,2168,3922,3898
9,3-Indolepropionic acid,4874,4606,6446,5764,688,864,2088,1756,0,0,0,0,1812,2724,0,0,718,678,590,412,2096,1742,0,0,810,658,2438,1638,1792,1788,976,798,614,602,0,0,866,974,1220,1172,2778,2322,1176,866,356,308,1400,1344,0,214,0,0,98,194,468,510,538,400,358,200,1742,1664,2310,1964,0,0,632,844,740,610,1980,1540,0,0,2022,1960,0,0,1772,1596,1386,1452,378,262,366,678,1430,2272,704,1026
10,3-Methylindole,13018,13298,16950,16614,9212,8916,15900,13994,14954,15380,15130,13758,10834,12704,7074,8228,8910,8766,12000,13066,9730,8172,18880,15566,8040,7544,19208,19754,10354,10320,17180,17556,9948,10712,14272,11988,0,7846,5846,5652,5376,17564,8296,8418,8250,7442,19880,17162,1800,1784,1796,1354,5180,4422,3026,2688,2322,1782,20604,19112,9102,9400,12034,11138,9288,9340,9912,8946,6614,8206,6764,6524,12866,10804,14680,18132,5452,4456,10432,9890,11164,12520,8296,8156,4068,11136,18904,17220,9224,8184
11,3-Methylxanthine,1238,1426,358,394,260,184,192,254,582,390,298,322,334,582,204,240,534,516,222,274,3648,3664,636,1006,340,730,1874,1490,5964,6662,1102,1008,204,1306,644,410,898,1914,2354,688,998,922,1742,1994,354,300,1272,1694,236,154,0,106,262,560,200,866,278,502,1894,2184,678,818,404,216,910,0,3232,2822,376,410,768,366,598,1034,1946,1896,376,366,1386,2084,384,478,474,244,308,498,366,266,1296,1226
12,4-Aminophenol,9686,10252,286,300,36328,30878,2252,2282,408,294,84868,82758,2222,2860,1204,550,74052,69154,13406,13542,22912,22954,2200,1352,31390,34516,70286,61972,21670,22952,1390,1740,394,216,28376,26792,3980,3068,1312,790,540,580,750,630,4562,3222,5130,4654,1604,1310,1406,1508,7354,5954,602,314,9292,11442,6706,5922,206,240,1938,1428,408,360,4472,3782,14628,14482,822,734,398,294,144904,133724,170,164,544,338,236,192,222,268,15648,17188,2746,3362,37842,33486
13,5-Hydroxy-L-tryptophan,358,436,898,1174,692,772,890,914,1384,1444,530,242,698,716,614,350,772,948,986,798,1138,1424,1422,1714,658,790,1878,2708,3200,3150,1916,2690,2116,2900,1382,1358,5080,4540,2112,1934,1742,1392,800,646,550,462,1136,1250,338,270,466,0,578,614,926,216,284,474,2716,2916,1872,2056,2378,1976,1742,2126,1416,1004,540,730,1080,896,2466,1724,4064,5156,554,566,1838,1902,1918,1670,952,1546,562,546,4358,3758,1190,1530
14,5-Hydroxyindoleacetic acid,16476,14766,14464,12840,12794,12390,40390,40256,11080,13048,28960,29264,16328,16430,8078,8024,7306,7500,8744,11776,18882,16786,14604,15474,7732,6820,17226,15810,20610,20270,31868,31146,17450,14632,16340,16014,13784,12166,16816,18214,11604,12166,14070,12934,14690,13338,20804,21780,2696,2426,1664,1752,6066,6038,9206,10262,2866,2248,25076,22870,8456,9358,14258,13246,18636,20464,7372,6504,7840,6688,8664,8316,15716,14694,15310,16624,8592,8630,18294,17830,13656,14174,7022,6440,5792,6350,11078,11768,18096,17498
15,9-Methyluric acid,2096,2304,486,366,782,360,1248,672,1168,680,1250,874,1534,1350,504,112,418,652,0,498,5806,7218,1828,2144,970,1340,3456,2322,11426,12774,2690,2644,950,1100,1466,1142,74080,78900,5450,5238,2088,2176,6438,5464,396,242,1502,1466,0,0,0,0,0,0,1374,1236,0,0,3322,3480,1242,816,544,252,1540,1282,2766,2410,464,530,404,748,676,904,1708,2040,0,372,2712,2980,0,602,308,322,0,0,1542,1424,1634,1624
16,Acetaminophen,76540,78176,2244,2566,212798,215792,18236,17854,2310,2402,529240,516154,20900,20978,6518,5562,486162,447966,88998,91904,166096,162264,10234,11776,219518,210822,448672,418162,161856,156160,10372,11794,1480,1496,179260,182762,26124,25118,8084,10606,2550,3676,5166,5208,31186,29040,36180,32466,15134,15122,7584,6992,49988,43462,4240,3844,77390,79414,52296,48946,1608,1090,10352,11138,1646,1962,33942,32510,117686,107576,5048,5060,1220,1340,723544,718206,1020,0,3496,2572,1888,1330,1450,1044,125464,107316,17882,19054,189022,212024
17,Acetaminophen glucuronide,15396,13930,574,104,29764,31960,1826,2300,374,0,51580,46626,2130,1272,1294,934,71382,77256,5560,5748,72248,75836,1700,1614,22022,21026,46514,50048,42742,42724,2134,1968,204,0,39436,37360,67476,66388,16750,18506,704,718,2648,2238,6412,6518,3612,2634,2590,2284,2082,2736,5212,5570,1916,1338,3204,4022,10884,12832,0,0,778,914,0,252,13220,12644,30102,28882,2142,1824,0,0,64202,60604,0,0,538,472,0,172,0,0,14790,12530,6596,4270,41692,45144
18,Acetic acid,37224,34802,39198,38142,39166,42450,42038,36326,42872,46280,46844,46478,59562,55322,54402,54090,55012,59090,58188,60086,59516,57296,60396,59178,60288,57868,59932,59574,60388,57692,58272,0,52836,0,53594,54808,51854,54842,55048,56934,56132,57718,52604,55582,56706,56856,52070,55430,47538,52222,49734,49038,51690,53262,52214,56632,54422,53998,59758,54248,49168,53630,56378,53618,20710,49420,58310,51636,53774,51556,54724,52616,44030,49904,43814,55198,54460,52054,59098,53802,51490,53532,48706,54890,52468,54412,61002,52650,53842,54244
19,Acetone,22626,24590,24160,23578,25678,27310,27888,0,29248,29862,26620,32192,35912,2004,39554,37546,38204,40718,40006,39038,39866,36572,39236,38412,40364,41416,29294,36444,37846,41298,39246,37980,39146,37596,39620,38310,37702,38628,35802,40802,41310,41816,43886,40706,39772,43154,37574,39854,35426,39944,35516,35166,34556,38536,37970,34802,34350,36870,38608,34960,36842,31970,36486,35594,36330,0,39550,35172,32532,35222,34916,33886,33740,36764,32800,36274,32630,37048,38068,37206,36166,29684,32092,35120,36326,35936,35744,37046,34618,34524
20,Adenosine monophosphate,3360,3298,4250,3892,14432,7310,3264,4060,13230,25158,5300,5762,16120,14608,3254,2944,5440,6382,3420,4670,3072,2924,5176,4724,1580,1720,7572,6228,3376,4626,9348,11002,3332,3006,10838,1150,6378,6586,3520,4560,10128,10444,476,5140,6110,5604,4906,4508,292,4876,3440,3576,0,3588,6366,2636,4518,4428,5892,6074,6712,5474,18754,25816,17618,36024,3576,8744,5414,8074,7588,7650,10826,12914,13070,17100,7856,6086,26990,16954,23442,20214,12870,17800,2592,3842,5268,5072,5292,9842
21,Allantoin,1612,1712,2080,1718,1810,1564,1464,1758,1926,1910,1936,2070,1976,1966,1668,1646,2070,2432,1712,2114,2052,2304,2490,2420,1818,1692,2094,2668,2466,1802,2528,2768,2310,2402,2276,3104,2502,2712,2270,2524,1892,1980,1992,1860,1776,2002,2150,1896,838,158,496,454,90,1532,224,934,572,336,1654,1564,1020,1288,1934,1546,1732,1678,1124,1280,1106,1278,118,946,1530,1664,1542,1420,1050,1280,1688,2216,1788,1708,1788,1708,342,1058,1958,1582,644,1590
22,Alpha-ketoisovaleric acid,9126,10330,11378,10116,6198,6504,11100,9772,10986,10840,9136,10742,8962,7390,4334,3882,5578,5460,7878,8240,6226,4516,11880,10622,5542,5048,15320,15026,8074,6484,12906,12760,6048,5614,7188,7384,6618,6704,3982,2528,9592,10762,5858,4646,5944,4862,13150,13962,1020,1250,792,984,3068,3150,1860,2174,992,1196,13192,13188,5160,6646,7084,7452,8986,5222,4120,5298,4334,4686,3698,4070,8486,6356,12216,11870,2772,2304,6090,6254,7884,9154,4426,5994,2514,8818,10276,10476,6536,5552
23,Alpha-N-phenylacetyl-L-glutamine,13774,12948,54648,55608,5768,4762,55788,57660,19782,17206,17618,18572,13790,10392,1620,880,15748,16578,31952,28146,47806,50144,16230,15184,7844,7630,21858,22304,62410,50742,88526,88382,16508,16426,2398,2504,786226,771168,261286,271024,77974,77636,67822,75212,11860,12556,7472,6432,2408,2420,1504,1376,9780,8848,58686,55038,1532,2074,5686,5494,8372,8584,36124,33416,2940,0,20710,15498,20766,22166,33740,35090,10384,10742,18136,21878,2828,2746,109188,97846,22152,19746,10692,9188,10174,9302,51356,45222,21102,16914
24,Aniline,3156,3890,2252,2286,3220,3260,10156,10456,2826,2766,8258,7932,2990,4980,1734,1952,2934,2282,2688,2138,4874,5868,4892,4364,1016,1654,4562,4762,5166,3940,9874,10040,3588,3248,6452,4570,4092,4986,4938,3730,2836,3122,2308,3124,2742,2652,6006,4632,624,552,456,382,1562,1156,2098,1684,540,882,8470,8656,1638,1452,3148,4158,4874,3848,1464,1592,1730,1444,1716,2028,3576,3270,4596,3772,1714,1526,3744,4636,4342,4002,1330,1398,1650,1476,3426,3324,5422,4732
25,Aspartame,10096,10226,10452,10654,7782,7954,14992,16456,16608,18624,8770,8310,18376,21192,5726,5630,9156,8580,16154,13428,19334,15956,18982,17934,6902,6136,28550,27024,14698,14674,30096,31234,12926,12594,16920,15912,19062,19018,12048,14870,13184,11864,15608,15892,7190,8452,13096,13804,1270,1492,954,1270,6218,5706,8306,9728,2264,1786,15422,17376,4298,4638,11274,13452,15038,16966,7658,6862,5410,5242,5590,5180,10648,10630,13478,11330,3750,3832,9726,7518,14376,10656,8552,5970,2618,2748,10292,11250,14278,11834
26,Azelaic acid,5316,5986,10372,8588,2178,2072,2716,1994,876,964,1722,3210,1674,1442,662,948,2440,4038,3298,4554,3566,3588,2204,1656,692,648,1226,1556,3114,2876,868,1142,1770,936,1882,2564,5402,4660,1194,1080,2358,2740,490,656,524,612,3000,2376,0,104,0,0,440,170,0,346,414,368,1404,1184,1106,1080,3678,4240,5110,5362,2046,1156,742,264,482,368,2082,1972,906,1148,318,210,1882,1940,1568,1808,1404,1252,638,508,2366,1944,594,460
27,Benzaldehyde,3608,4086,4290,3960,4024,3440,6318,5098,5604,6100,6422,5094,5804,6196,3200,2928,3432,3156,5384,4978,6124,5572,6134,6698,2344,2212,6102,8224,5072,4652,7600,8106,4108,4066,7654,6678,4740,5226,3704,3686,5980,5228,4050,3980,3586,2876,5662,5752,1126,646,708,722,2362,2760,1932,2038,1328,674,8486,9482,2492,2490,6128,5028,6992,6252,2814,3378,2518,2094,2616,2954,4352,4896,6374,6088,2240,1946,4930,4836,3874,5758,3860,3138,1752,1988,4772,6160,4690,5910
28,Benzocaine,2504,2002,2242,2846,1524,1586,3458,3934,3784,4624,2110,1684,4086,3592,1350,1284,2518,1640,3636,2968,3398,3974,3974,3500,1310,1518,5166,5384,3422,3260,7506,6332,2462,2856,3628,4134,3774,4450,2186,3876,3324,3102,3082,2870,1620,2328,3030,2934,238,546,424,450,1196,1308,1676,2122,550,446,4002,3834,1254,1776,2466,2132,3496,3400,2200,1780,1388,1128,1444,1662,2092,2046,2266,2722,1216,1068,1942,2278,2372,2830,1590,1738,608,616,2762,2866,2728,2982
29,Benzoic acid,7142,5980,7306,8446,3032,4572,9698,9280,6020,3636,3688,3990,2616,2106,3498,3404,4840,4470,4456,4606,4422,4732,8658,8736,3274,3344,4176,5522,3310,2104,8820,9636,3628,4034,9068,0,5296,5648,4574,4482,7204,7860,1734,2716,3706,4576,6450,7830,0,1022,1178,922,2656,3522,2284,3510,1408,500,6982,5484,3120,3068,7580,8682,5982,3960,2202,3250,4448,4426,3566,2302,5346,5486,7220,6052,2488,2934,4978,2734,5612,3686,2658,4240,1930,408,2624,4106,2858,4102
30,Cadaverine,55194,63262,123974,108716,39398,36176,30968,38580,16414,13468,36200,41480,16262,14774,9744,9886,31760,29390,32756,29732,34930,42446,19862,15080,8480,10550,15318,14920,31526,33084,14706,13810,21590,12618,19232,27366,50744,37354,16068,13538,33236,34126,6518,6938,7064,3974,14312,14802,0,1720,1992,1898,2490,2666,2470,3590,2656,3234,12088,13132,10026,9692,34288,24360,27814,25768,9480,12600,6418,2498,3246,2628,10346,12788,11290,7492,3314,2520,6856,5888,6376,8768,8400,5968,3524,2210,9372,9020,5834,3298
31,Caffeine,131514,117632,5204,4560,155592,127570,10490,10490,58208,59388,69636,78374,466750,417098,80910,81482,172532,162728,51058,50234,180572,184948,75102,75734,124330,142728,466848,470822,433030,385898,233178,245488,28642,25028,157034,161494,592,264,118886,118382,33420,38666,133620,141740,17636,17746,233788,220852,2542,2958,12150,12146,3064,2742,604,914,9252,8858,367178,364994,52178,53110,570,208,22292,20020,179846,185558,28202,26840,37774,33944,44966,38510,194762,172070,4928,7058,269386,300284,1614,1572,16788,15170,326,454,37052,45834,295196,295276
32,Chlorpheniramine,4000,4978,4120,4564,4774,0,3864,3012,4116,4132,4374,3940,3510,3238,600,4236,4272,3964,4638,3054,3638,3218,4244,3332,262,550,3734,3406,0,856,3160,2930,2494,0,2496,4118,3530,0,3728,2758,3168,3078,2224,1976,2026,2064,3728,0,376,742,0,0,3006,330,1432,2096,1526,246,4156,6554,2530,2740,3970,4790,4010,5406,2076,0,2520,0,2184,2628,3768,5228,5076,4716,344,1524,3470,4182,4584,4632,2918,3564,1902,2204,4452,3396,2030,1518
33,Cinnamic acid,23472,22426,23016,21914,21360,16136,34450,32512,28818,30206,29340,32628,30868,31566,19176,18604,19314,20586,29878,24662,28024,27238,30966,31424,15516,14452,32286,35836,25664,20544,39550,37282,21444,23874,36796,33328,22102,25518,22780,21358,29304,27036,21386,21108,21204,19660,31690,31242,4956,4616,3664,4332,13392,14126,10318,12522,5292,5690,41482,40794,13890,12800,31882,35772,32760,29846,15414,14840,14182,13790,16932,17146,22750,22558,25086,29440,14970,13656,24126,25306,27500,26592,18612,19908,11630,11682,28832,30292,29338,25740
34,Cis-Aconitic acid,4430,3394,4024,3606,2714,3406,2948,3784,3404,3984,3900,3706,3206,4070,3278,3446,4362,4254,4130,4260,5094,4452,4166,3834,3352,3508,4064,4138,3490,3488,3492,3782,3972,4066,3926,4086,3278,3750,3528,2906,4596,4176,4504,3002,3604,4180,3796,3894,1718,1650,1868,1224,1818,2362,2116,2050,1660,1792,3738,3772,2930,2468,3376,3604,4084,3190,0,2812,2386,2672,2416,2654,3648,3202,3968,3672,2452,2898,3666,3664,3294,3724,2852,2360,2286,2598,4844,4230,2814,2564
35,Cortisol,5816,5674,18994,18182,7052,6088,388,360,1834,2198,15668,15358,17594,18336,10446,10986,25818,22452,29790,29364,14704,13086,1482,2046,5068,5070,23744,21600,17660,11008,3312,3622,17186,14994,2658,2584,2758,2808,16236,16600,25804,24106,7676,8106,3218,3530,8404,8398,3236,3206,142,144,868,1058,6648,6286,0,288,21112,21022,7430,7848,2750,2746,1860,1262,4280,4424,3396,3360,3178,3148,21086,23152,14938,14226,356,384,19440,16288,410,742,1566,1388,6880,7546,2778,1978,8960,8460
36,Creatine,1752,2222,1628,1108,1850,1628,3282,3584,3086,3140,4388,4228,3822,3414,2254,2570,2742,2624,3198,3624,5086,5644,3220,4358,1782,2350,3222,2676,5222,5298,3928,4784,4588,3046,3562,3714,11942,10960,6594,4874,2708,3140,2864,3024,2038,2410,5604,4270,620,798,418,666,0,876,2002,2018,148,582,3836,4008,1512,1482,2930,2688,3868,4352,0,1670,1974,1548,2722,2398,2186,2222,3624,3148,1798,1868,1868,1732,2648,2744,2186,1876,1134,1390,7708,7888,3236,3828
37,Cytosine,1816,2218,690,176,1326,978,3246,3548,818,858,1104,832,5594,4526,1360,430,908,800,820,1260,3122,3108,524,478,754,1118,5508,4850,3126,5872,2968,3344,3102,4106,2148,3980,14386,10998,1646,1924,1554,1196,1770,1684,1884,1922,1804,1172,474,776,0,258,202,704,0,0,296,0,2968,3200,226,282,906,1472,2544,4662,906,1326,1142,962,872,226,688,518,2834,2666,684,600,1166,998,678,482,310,362,212,388,306,302,1466,2338
38,Deoxycholic acid glycine conjugate,4514,3254,9556,8224,3330,2960,2902,2934,10502,11312,35438,48568,2108,2308,40172,40320,10578,11260,3298,3136,6158,6690,4914,5094,3280,3164,7464,5708,4900,3316,1156,1262,828,844,9290,10720,1946,1444,678,718,11216,9754,854,842,1408,1394,2702,2514,0,0,0,0,1350,1120,582,884,0,0,21808,20776,1060,1040,1932,2480,3788,3110,1812,1444,846,1226,19884,33188,10752,10764,33646,30546,0,0,2738,3312,1878,2168,790,594,0,0,10698,11714,328,308
39,DL-2-aminooctanoic acid,9930,11248,6060,5732,0,444,428,170,530,720,870,720,458,484,276,266,1464,1440,1176,1606,2188,2814,284,290,676,436,1068,918,1264,1622,2018,1432,550,434,0,396,480,570,840,658,3200,3004,3270,3156,428,286,2164,2354,0,264,412,316,356,132,398,404,228,366,2446,2122,560,544,330,260,570,564,2296,1704,778,682,828,1144,1202,1012,1762,2512,514,878,2190,2390,608,734,382,238,768,570,4966,5514,638,450
40,Elaidic acid,17360,20554,15552,11908,11070,7498,7064,5336,2902,4534,6452,8986,5906,6124,7592,6786,6674,7836,10900,9286,11048,7748,5984,4052,5022,6646,7802,7750,8880,8572,10226,12252,10962,10866,8644,10886,11412,12610,12930,12120,11556,11280,7416,6736,6620,4246,3136,4334,4880,6068,5290,5976,5084,6130,6842,8418,11200,12038,11142,12210,14982,12772,15690,19132,16362,15016,10848,11360,8068,6414,4814,5362,6606,7128,8746,7238,7948,8324,4644,4650,7248,7042,8332,9666,5906,5030,4068,4068,5502,4814
41,Ethanolamine,2126,2292,3658,4310,1126,1296,1690,1546,1902,1566,2456,1870,1808,1534,1432,1602,2376,2882,2008,2712,2192,1716,2476,2400,1262,1116,2474,1728,2220,1524,22278,3880,1336,1188,2176,2302,1862,2558,1524,1550,2426,3210,1176,1182,1662,1318,2232,2726,882,968,850,538,1798,1254,1242,928,1090,984,2442,3360,1288,1416,2520,2878,3054,3282,1540,1176,1738,1674,2148,1764,2562,3068,2484,2786,1262,1222,2494,2714,3246,2782,2578,1906,1776,1686,4094,3300,1282,1056
42,Glucosamine,2032,1270,1686,2098,1744,1528,3144,3224,2632,2530,2282,3462,1968,1820,1034,664,1682,2054,2078,1484,5078,4388,2514,2722,1076,854,2990,2524,3914,3478,8118,7036,2210,2082,3040,2938,40456,35820,10618,7550,3058,2904,1666,1348,1684,1582,2346,1438,306,124,0,0,508,732,2466,2540,442,344,2848,2682,1428,1496,1530,1324,2534,2712,1184,1092,1000,1088,1480,1122,2016,1788,1676,2362,1210,1746,1956,2220,1808,1978,1028,1478,0,426,1986,2682,1206,2140
43,Glycerophosphocholine,968,1086,354,518,990,1158,532,248,552,710,1162,716,1266,1560,1044,874,1114,1488,2728,2390,1480,1200,2248,2574,2674,2646,756,748,732,762,1270,1458,878,734,1124,1250,662,624,1244,1184,1320,1574,1352,1430,1454,1050,1300,1296,404,474,526,520,848,0,962,640,646,810,1370,1428,2220,2282,1414,1526,870,958,2414,2418,1980,1750,3388,3272,1036,1126,664,832,1652,1400,710,908,1386,1644,1786,1410,1726,1720,1860,1612,1600,1344
44,Glycine,5062,6706,272,524,7714,4542,5396,4508,928,866,656,484,918,854,338,204,392,666,750,676,560,600,1032,782,336,532,12716,11192,5080,7262,8212,8694,2450,2880,5488,9894,2518,3232,4532,4832,2746,3046,5126,4040,3862,4838,368,644,160,340,214,248,226,1082,4634,2676,370,196,634,308,720,514,684,830,444,830,292,490,406,320,408,226,734,502,572,680,260,848,1082,1166,490,320,366,264,402,414,1300,1272,440,840
45,Glycocholic acid,3516,3262,9832,10876,8946,8546,2592,2790,25686,30448,250946,299452,942,1314,249386,252852,10974,11354,3042,2828,4672,5356,11852,10872,17560,14568,7494,7424,2344,2296,1684,1064,1890,1876,5210,5746,4234,4918,1390,1316,13640,11358,1662,1228,1560,1424,1962,2022,136,492,0,0,1550,1656,262,394,184,0,10786,11850,938,1296,1548,1714,4560,3224,4260,3872,2056,2068,60116,73138,30230,27028,26956,22926,432,0,5608,5580,7462,6952,488,586,642,742,2880,2550,0,0
46,Guanidine,2062,1786,2144,1966,2406,1868,2534,2018,2412,2194,2010,2464,2508,2314,2650,2436,2602,3074,2762,2726,2760,2520,2474,2640,2766,2446,3692,3200,3380,2204,3146,2774,2278,2692,2498,2554,2668,2538,2438,2380,2818,2630,2524,2654,3624,2452,2870,2906,2544,2206,2554,2280,2012,2242,2190,2494,2186,2090,2778,2550,2316,2492,2416,2516,2392,2688,2634,2424,2052,2090,2554,2220,2756,2202,2554,2738,2146,2410,2806,2922,2350,2666,2482,2326,2510,2226,2808,2266,2128,2376
47,Hippuric acid,2922,2704,4854,5016,0,296,0,108,0,178,320,0,666,650,0,0,1708,1100,2356,3644,832,928,0,542,1060,1076,6388,5854,7558,4996,5360,5326,1326,1148,0,0,87204,92258,2722,2652,6448,7300,9800,12312,0,0,1460,1652,0,162,0,0,0,0,1516,1566,0,0,1360,1488,4810,5062,3542,3476,0,0,10166,11136,3098,2270,2234,2448,656,756,4074,4578,0,0,22950,23584,1174,1176,854,712,908,1344,7894,7502,1140,1118
48,Homoveratric acid,1130,1128,2208,2132,1304,1644,2114,1810,2542,3040,2714,3028,1366,1224,908,1096,1008,1054,1280,2072,2720,2756,1450,1260,616,616,1966,1884,1032,902,3126,2914,1468,1142,1242,1656,3184,3226,3386,2408,2260,1734,930,1222,1324,1588,2506,2252,254,116,0,242,1328,1070,542,752,130,202,1304,1232,766,990,1294,814,1620,1374,488,412,382,622,784,1168,1082,1172,796,560,686,710,1298,862,1258,1262,1184,1022,260,100,1262,932,1284,1042
49,Hypoxanthine,282,176,1262,1188,316,116,0,0,398,0,556,328,404,248,178,338,350,624,274,232,4194,2600,356,400,396,582,1022,726,0,236,1548,954,904,884,3556,2850,1156,700,952,1140,308,320,1716,2276,270,0,1270,1080,174,216,242,220,398,252,314,208,232,446,264,334,13190,11882,18584,18694,4920,5368,6404,5628,9052,8332,1690,2130,7714,6520,2474,2440,3306,2698,4164,4774,7224,5748,21416,18050,210,204,4326,4250,824,684
50,Indole,44198,45790,49984,49076,30798,30398,45982,42976,48698,46770,45792,42304,40622,35782,18898,19228,28888,26764,37652,37280,27618,24160,53142,53074,23872,24120,68412,68162,32406,32382,57758,53950,27274,28834,37068,39428,28174,27756,0,0,53136,52460,26938,24640,26082,22932,61206,61430,4888,5250,3778,4016,14262,16892,6670,9146,4604,6788,60174,56886,23738,25692,35468,36084,25982,26948,23342,22504,21018,21746,20660,20722,38210,31624,57430,64728,12856,12802,29902,32638,39240,39388,23704,20546,11356,60134,54082,55762,26054,29454
51,Indoleacetic acid,4800,4136,3656,4180,2052,2298,4878,4534,2916,3366,7172,8322,1126,1064,296,532,1210,1760,1748,1792,7312,7490,3826,3816,1570,2280,8724,8326,2100,1926,1530,1530,2774,2064,1420,1076,3888,3824,1850,1568,26226,23930,7822,7134,2832,2456,2940,2992,292,0,108,186,666,874,1418,1142,484,452,2340,2432,1186,1236,976,1242,1448,900,1984,1684,1624,1234,1426,1382,1084,1026,2564,2766,1006,1172,3678,3468,938,1340,1288,1186,846,884,2270,1838,1588,2094
52,Indolelactic acid,4432,4152,2576,2314,3972,4030,9532,9816,5604,5828,10842,14378,3490,3354,2734,2572,2156,2220,3140,3116,5432,5046,5274,6032,3528,2974,5394,4644,5396,5234,11078,10884,2848,1996,5872,7458,9122,10786,10892,11016,4760,5268,5120,6528,4094,3820,4214,2950,0,584,692,630,2556,2436,2596,2334,670,664,4430,5542,1578,1700,4136,3886,5318,6888,1124,1788,3902,3424,2122,2206,3792,3506,4634,4946,2150,2284,2630,2630,3264,3548,2884,3038,972,1128,4904,4392,2748,0
53,Inosinic acid,556,276,178,0,268,262,204,378,0,644,276,390,370,454,222,0,0,240,0,290,486,332,234,430,186,264,580,1448,1638,362,2892,2542,528,1006,2796,510,952,1166,1016,834,2220,2110,428,866,2128,1952,514,204,268,140,212,456,286,306,406,198,246,366,372,294,286,364,0,948,308,336,318,486,286,460,0,456,0,536,368,0,0,470,390,0,1032,1042,0,0,276,200,288,486,256,560
54,Isobutyric acid,5816,6448,7126,6862,8142,8730,8150,7572,6974,6936,10140,8468,9540,9328,10328,9968,9470,10582,12440,9962,11624,13796,11376,9326,9312,10108,9456,10536,8876,11434,9478,11480,10852,11254,15896,14322,15436,13026,10560,8586,9860,9290,13296,7682,9056,8336,9828,8776,13366,9652,9394,9656,12716,12648,7772,6568,11516,10610,11376,12546,15226,9346,13402,9380,14208,12510,8480,10554,9370,7654,8644,7060,11032,9718,11382,8742,9372,8910,10312,9272,12380,12142,9046,12500,8926,10212,10804,10064,11708,8944
55,Isovalerylcarnitine,16350,16914,25640,23794,22366,24448,62274,69876,50500,52674,54044,56640,12716,9712,18072,18266,27346,26380,12156,13002,16658,14096,59554,65198,12498,13302,25450,24890,43098,36600,67234,60970,54120,50130,43636,44180,40816,41864,26518,30522,40622,44188,15192,12448,19158,17926,15974,17366,3734,4080,2724,2896,22976,22208,7202,6326,6012,4694,45586,46290,7010,8114,78292,77348,43416,46642,12790,12828,14838,14752,23552,21690,18076,18892,21422,15768,12238,15022,25430,25526,43254,42486,28988,28208,5650,6940,15206,16604,12204,14054
56,Kynurenic acid,1302,1422,840,864,992,1020,8774,7572,2130,2166,4880,4440,1502,1566,1544,1338,794,1420,918,1700,3488,3170,2660,0,2790,2754,1492,1756,2996,2908,6428,5268,2738,2364,5496,4644,61014,66054,2804,2934,1022,1334,2584,1880,1424,1482,2954,2648,0,438,336,356,964,706,1418,2258,312,368,5310,5270,1010,1046,2594,2794,3016,2892,1110,1128,844,1106,780,756,1594,1066,1640,1666,1030,1660,1876,1524,2552,2710,1504,1198,698,502,2414,1790,3096,3400
57,L-Acetylcarnitine,66002,65618,99660,40590,74312,23112,57392,61906,91764,153274,132914,102332,80476,179024,47204,48510,76986,77236,54934,55310,129024,161388,84914,82014,68006,43218,209140,187664,194566,273854,220636,201398,92070,103884,90906,138918,139636,144384,95520,114878,61580,83962,61182,54878,34716,34608,92830,106268,6832,6924,4632,4972,9740,21298,30736,16672,6632,6016,200934,202478,74860,57648,64286,101168,64452,118726,23210,29506,22956,28570,23106,23116,162634,114794,129020,127350,21582,18400,103380,63526,45936,24524,15374,23808,29134,30372,76836,105936,26614,39658
58,L-Arginine,2680,2646,3868,2710,1176,1060,5222,5028,5748,6596,2450,2268,1006,856,1602,1628,1420,1864,1132,1280,1838,1736,3988,3136,1058,834,1670,1506,2898,3620,2370,2556,1746,2126,4000,4006,3374,3566,2292,3084,3916,3778,2610,2728,736,1280,3458,2884,1000,976,1316,1438,0,2388,574,1270,1156,0,1228,1358,766,702,1670,1502,3748,4202,644,876,1606,2562,0,1560,760,708,2360,2468,1598,1154,1286,1146,2252,2256,2064,2176,338,428,1416,1376,362,264
59,L-Carnitine,26064,24332,36392,37332,17098,16456,31294,22554,30324,32840,46394,42612,28382,28000,23324,21484,19222,18198,18690,18546,41802,42914,60072,68268,14684,13386,32320,33436,42550,40134,50646,67124,27984,29038,36884,36116,31734,25488,32500,31194,45400,48732,20592,21080,34226,34128,31230,28898,4538,4246,6682,7922,13954,13826,9458,8348,10260,9552,45014,41042,21968,22812,49850,50404,35176,40258,20984,20062,27900,26926,27836,30586,30854,32424,44686,51290,17682,16030,16468,15924,31006,33758,25574,26384,14956,14042,33138,34696,13412,13988
60,L-Glutamine,750,884,3314,3842,304,288,3278,3010,1082,1300,1098,916,956,1164,160,0,1054,1350,2028,2072,3624,3984,888,806,494,278,1414,1540,3230,3524,5046,5586,1298,900,268,266,60354,60876,14532,15266,4714,5792,3774,5394,1424,714,726,230,0,400,0,0,866,652,4114,3442,240,254,390,358,728,516,1980,1590,124,248,1356,1026,1268,1412,1932,2712,652,836,1486,1252,236,236,7120,7672,1490,1372,0,610,796,702,2996,3268,1216,1388
61,L-Histidine,1628,1830,1372,1634,1306,1238,1994,2028,1658,1698,1924,2042,1712,1772,1744,1452,1120,1408,1490,1312,1382,1706,1234,1736,1410,1308,1736,1396,2120,1716,1364,1948,1732,1720,1766,1896,2292,1842,1868,1610,1458,1628,2580,2028,1576,1280,1442,1572,994,0,1458,0,0,1672,1286,1674,1456,1040,2138,2092,1214,1376,1718,2530,1814,2214,1850,2110,1516,1586,1466,1678,2046,1784,1840,2226,2078,2332,1516,1934,2052,1632,1700,2118,1448,1992,2102,1928,2046,1756
62,L-Kynurenine,13208,12878,8502,8948,13414,14136,29234,28324,8222,8318,39068,37258,11598,14450,6256,5888,10916,13372,7742,7210,25476,25804,10922,10760,6716,6934,20130,21474,24394,23350,21590,22846,12796,11308,18040,18384,17646,19808,15704,17106,9012,8244,9812,10392,10734,11652,15584,6806,1414,2160,1196,1432,4878,6304,6800,6808,1572,1724,25970,22054,6284,6916,9664,9346,13650,12464,6754,6258,7982,7656,5974,6540,9988,10302,20496,22278,5800,6362,11362,13718,0,9450,4002,4586,5360,8126,8916,10562,21538,17848
63,L-Methionine,3166,2842,4302,4540,3310,2134,8924,9074,6206,8962,6220,5590,3866,2956,1884,2560,1746,2580,2612,2590,2840,2218,6650,6012,1878,1638,2670,4400,5332,7630,5652,5768,2032,2274,8450,14448,5716,6606,3040,2652,4146,4206,3668,3574,1954,1886,5682,4530,506,1076,1156,1006,0,2190,1936,1496,1474,1280,3414,3786,2140,2026,8048,10324,5878,8236,2836,2658,2524,3072,2450,2754,5008,4978,6592,7716,2844,3342,4172,3948,5590,5932,2912,3922,1470,340,7444,5514,1762,2330
64,L-Norleucine,12444,13536,12702,12682,8854,11672,18290,17160,22358,16268,17928,18244,11018,10296,10404,9334,15346,14084,21104,21798,14368,14926,21822,22972,14140,13320,15662,11370,20754,8764,30826,32506,13730,12446,25122,6058,15978,17202,13778,12414,24380,26686,6044,9338,9874,10194,17960,23096,3564,3134,4066,3952,10942,11088,3676,7350,3926,4094,27784,24836,9144,9954,21962,18558,17924,12384,10410,10570,10424,8712,12320,12304,18276,19610,16618,17362,7650,7578,18942,18024,22104,22116,8778,11458,8104,7100,26052,22896,10484,12470
65,L-Phenylalanine,241664,236976,243294,255016,207044,228938,354570,354888,334082,328176,320040,357086,346388,326882,204902,187974,271442,264542,302834,289160,387076,367746,346250,352630,170458,167228,417306,416178,322136,302788,419548,410488,221504,199318,435556,384776,298960,314482,240352,233974,283712,285644,250108,247772,222074,225596,343478,229234,51878,43458,41640,41740,150478,146262,115956,123972,55464,59174,425086,427026,144984,137626,336970,324072,359562,324902,168914,140994,170178,159564,161212,170170,263654,244784,352312,352284,136692,137184,256294,266764,310816,294754,192608,178922,115112,127068,309296,229488,305626,315494
66,L-Proline,2694,3076,4836,4430,5636,5712,4618,4410,5064,5092,3270,3378,3658,3338,3194,2566,4398,4850,3118,3626,3884,3546,5946,5560,3042,3746,5638,4696,5580,5456,3988,4036,2922,3090,5046,4960,4632,5246,5074,4500,3534,3712,4156,5792,3292,3476,3992,3828,1660,1730,1526,1684,3164,2606,3482,3976,1608,2136,5626,4662,3872,3594,4072,3414,3948,3670,2982,2768,3046,2948,2848,2374,5652,3988,4118,3362,3222,2998,2686,2230,3712,3730,3278,3260,1778,2064,3504,3406,2140,2248
67,L-Tryptophan,181044,183600,204956,221662,134968,143300,220748,208262,212872,221480,215440,216424,173418,173878,98172,90612,152560,155012,167554,172356,136476,133324,247672,234058,121842,111350,318896,310190,166112,159732,263362,271610,143334,148198,212210,211722,229542,221876,90182,89154,230606,234694,122672,116820,130798,123294,287180,269746,32552,33796,25272,24472,82412,77116,41198,46824,33070,35088,276238,282094,127744,124670,163424,162150,138936,127034,126208,128686,114442,111758,98660,104334,171168,160356,335810,327008,82268,74422,150486,156216,167620,186640,122612,115410,76096,63752,253760,242048,146498,149328
68,L-Valine,8960,9900,9822,8794,3968,8084,5558,6268,7272,5822,6478,6548,8068,7540,5076,4860,6542,6694,7596,9242,12728,10538,8708,8024,8314,7292,11566,10624,13070,13826,5652,5908,7720,7654,8876,8290,7370,8148,7624,8764,11194,11530,13936,16060,6126,5526,13050,11374,2178,1778,2232,2336,5092,3482,2136,2378,2192,1888,15940,15330,7074,6952,9606,10224,5346,5648,8330,7350,9246,7648,7346,7332,4756,5762,9538,8864,6416,5088,9850,10552,6030,6548,3678,4170,3154,3610,7816,8082,8906,8010
69,m-Coumaric acid,31338,26806,34174,27346,11618,22390,45624,47524,30520,10716,26530,19330,4956,6368,15374,15344,23408,20246,22302,21742,20840,19960,27132,41956,14384,14030,26948,30088,24454,6124,37956,41314,15642,17150,42434,4270,25710,25766,22156,22374,35542,34478,7240,7682,17882,17676,26374,33788,3466,4482,4326,2654,7806,11166,8724,14270,5718,4366,25344,27510,15186,16400,34944,34858,30962,16962,10262,18446,19854,22376,10946,10658,24642,24474,37148,30182,11680,11210,21534,11532,14162,12738,10918,18784,4312,5168,8494,6488,9866,15718
70,N-Acetylputrescine,11598,10178,7828,6438,7302,4756,5302,3498,3158,3500,3878,3554,2948,3468,3284,2500,2548,3038,3590,3912,3634,3210,2078,0,2188,2716,2990,2828,3822,3500,4588,4786,4650,4414,3928,3700,4636,5042,5126,5198,4126,3746,3590,3036,2510,1764,1840,1766,1852,2184,1810,0,2244,0,2350,2446,3160,2670,2692,2294,3116,2540,2916,2872,2138,2058,2620,3120,2176,1954,0,1676,1926,2506,2188,2744,2132,2034,0,1724,1714,2108,1842,2080,1764,1770,0,0,0,1888
71,N-Acetylserotonin,334,752,1826,1388,0,0,2150,1642,426,808,704,606,416,0,552,540,682,624,1134,858,1656,2342,614,436,0,290,568,702,2306,1982,3424,3158,856,694,0,134,25194,20200,7916,6826,2408,2414,2942,2320,622,220,432,214,404,0,0,0,404,0,2104,1712,88,320,650,568,402,330,1042,1556,216,366,514,650,1110,748,1232,1152,498,404,880,758,422,0,3340,3488,832,878,300,282,396,616,1670,2114,626,722
72,N-Methylhydantoin,9126,6272,8166,6720,3338,4800,10370,8688,9768,6668,9136,9148,6064,7390,2822,4140,5578,3766,7878,8240,6226,4478,7958,9380,3386,4334,15320,9474,4450,4682,12906,8538,5310,4380,5172,7428,5852,5650,3220,2364,7076,7036,4326,3700,3592,3428,13150,8434,730,726,716,442,1596,2136,1102,888,654,754,8830,12064,3424,4190,5128,5050,3486,5222,3218,0,4334,3540,2300,2918,7468,5926,12000,11870,1874,1894,5708,3478,6028,7286,2920,3514,1894,11398,10236,6210,4902,4028
73,Niacinamide,1730,1658,1592,1280,2562,2240,1444,1108,1382,1736,260,322,2354,330,1054,520,1476,1854,1470,1622,678,2334,1982,1796,1182,1010,17602,16556,11592,14424,17754,13510,6282,6880,9886,0,8040,5670,7044,6876,8304,8970,9968,8590,7948,8814,2292,3630,238,448,102,378,702,818,176,300,222,498,3054,2932,1616,1904,2214,2984,2266,3066,1108,1210,1440,1772,1206,188,3120,3620,2592,2140,588,892,3160,2084,1468,394,1284,1202,980,0,1212,180,206,1224
74,Normetanephrine,1638,1672,2350,2418,974,988,3336,2906,2172,2884,4678,3906,2090,1864,1716,2066,0,0,1822,2490,3184,3386,7404,6918,1050,0,0,2208,2238,1834,5704,4538,1716,1916,2698,2770,3168,3226,1894,2200,3310,3226,1646,730,2152,2178,2944,3106,482,280,564,600,1192,1272,304,370,570,592,3062,3708,1644,1724,3944,4200,2298,3514,750,1228,2256,1864,2194,2054,2410,2152,3126,2994,274,0,1368,1362,0,2110,1830,1998,724,1220,2920,2286,1194,480
75,Nutriacholic acid,49024,53744,41130,28836,14404,8012,7972,1998,2322,5374,5566,4788,4368,4288,4586,7116,8954,7252,11042,12596,9902,11334,6270,7280,7018,8580,10288,6798,11552,18100,18678,21546,15276,17738,12064,14970,17610,20732,20796,13950,11730,15832,6288,4540,3722,962,2228,0,3086,4294,2834,3570,5026,6396,10958,14696,14320,23158,13744,17240,23410,22096,20594,21484,23924,15712,19624,18182,14042,6180,4636,4560,10834,10332,12866,13606,11982,7316,4690,7050,11358,10946,12098,15254,11118,8562,4910,6150,8962,10366
76,o-Tyrosine,8110,8472,762,780,36876,37964,4172,0,1090,2140,39606,57066,3010,3510,1082,1508,91578,91664,3122,3146,51120,52270,3170,2150,9796,10588,52768,50956,36642,30116,6768,7524,822,634,29536,24744,105914,99252,20664,23376,1358,1548,3016,2908,10346,14066,3670,3286,1214,884,1194,1544,4722,6068,5474,4548,896,838,7574,7668,1862,1654,1170,1412,1442,1496,10674,7974,11436,10098,2930,2166,460,124,40126,39524,292,776,3444,3568,146,434,732,836,6110,3812,5588,5568,12610,13466
77,Oxalacetic acid,0,0,4094,4506,0,2558,3480,2840,0,3574,0,4024,4640,4512,0,0,4278,0,0,3522,5186,0,4962,3550,3494,2870,6864,0,3592,4116,4608,0,3496,3424,3838,4618,5380,4162,3890,0,4678,4940,3404,3754,4128,3840,5090,0,0,0,0,0,0,0,0,2160,0,0,0,0,0,2706,4090,0,0,4564,2586,3372,2994,4230,0,2700,4480,5552,6084,5356,0,0,3846,5208,4210,0,2892,2956,0,0,4926,4934,0,0
78,Oxypurinol,468,386,856,906,252,458,1066,554,1214,0,214,518,0,84,0,0,1716,1984,626,400,3700,5780,494,692,696,914,372,826,184,148,1398,1910,1032,888,1400,140,978,386,940,1034,990,1304,238,0,978,434,1098,1622,0,110,0,0,224,268,212,322,118,0,802,358,844,716,1628,1868,2608,0,1688,1428,1358,1476,510,332,2320,1564,1656,1914,816,640,1254,506,440,438,0,1190,100,404,348,366,632,1132
79,Pantothenic acid,3804,0,6734,7438,2462,2692,3726,3368,4650,4938,3190,3622,4924,4676,998,830,10404,7386,3618,4150,7410,6598,4476,4744,3116,1898,9646,9822,6678,5302,11050,10308,3652,3622,6370,5444,19728,17962,9588,8394,4802,4112,2162,2456,3216,2730,6810,7678,570,654,146,532,1386,1114,1414,1496,654,676,7544,8078,3636,3162,3280,3200,3714,4048,1570,2166,2278,2786,3610,2232,9850,7616,4592,4746,2600,2366,6194,6656,2746,2766,2038,2158,948,1208,7270,6852,3528,3406
80,Paracetamol sulfate,12512,11706,448,0,9364,9372,4590,5204,714,500,46002,43148,1044,1510,918,670,16778,16092,9092,9306,39176,41198,1194,1444,17148,17098,19620,16692,28242,29344,1178,1064,0,310,25128,24350,26698,26736,14832,15274,360,230,724,882,2704,2776,2322,2244,1820,1902,1510,1268,4082,3964,942,1082,3110,2430,5026,3658,0,0,1004,1204,262,356,2548,2654,12230,12966,666,664,0,0,13648,15168,0,152,340,0,62,0,0,0,11530,12580,1844,1762,25360,25202
81,Paraxanthine,72346,65908,2736,2802,46660,52928,2508,2460,19246,19756,9452,9386,90888,88370,18464,17058,36468,38196,14674,11008,106848,116710,28328,28148,56514,60012,101798,119940,202496,208852,42600,48994,16182,18606,55908,56166,4736,3712,16880,15812,24478,29012,83458,89782,2972,2792,98532,100308,2084,1570,4720,4254,964,556,872,818,2422,2828,109064,112838,42676,48600,280,224,18634,17792,67220,77466,12876,13656,12612,12460,15826,17926,60562,67916,3056,2758,113880,117196,1320,1154,3440,3182,0,326,13914,13702,54916,56960
82,PC(16:0/16:0),0,0,0,700,952,1428,2240,2804,3530,3236,4002,3908,3564,4412,3974,3892,4340,4968,4852,4850,5450,5934,4598,4290,3152,5390,7708,9492,11788,8562,9056,8454,7756,3202,5914,3518,3438,3538,4002,4142,5834,7222,3866,4512,4506,3146,6010,4624,3534,3650,3090,3886,4544,8032,4454,4226,5184,3082,5136,5858,2018,2106,2534,1668,1432,924,2408,2376,2090,3436,3194,3366,4980,4808,11870,12900,11098,5442,5204,7250,2870,3880,4082,4336,5250,4232,2406,2456,4460,5996
83,PC(18:1(9Z)/18:1(9Z)),0,186,338,360,402,1216,1978,2678,5620,9030,11470,12084,13216,16412,15114,13728,13026,14120,13982,12698,13680,12340,13592,15356,13346,11162,11362,11684,10212,14266,13376,11954,11816,12018,12558,12420,11286,9092,7398,6624,5878,7052,6302,6886,7364,6994,7146,7714,14898,15828,13954,13198,13226,12434,15554,13830,14214,13386,12162,12538,12472,9254,9476,6528,5230,3482,2798,2448,6100,6574,5584,5826,5672,7434,11440,14918,19088,26834,22220,21366,16072,13404,12668,13270,15006,13604,12170,10756,11928,11148
84,Phenylpropiolic acid,5880,5440,5372,5694,2664,3490,8270,8128,4694,4138,5290,3146,1004,3218,2590,2372,3862,3710,3300,4150,2648,3766,7582,6462,2428,2684,3136,5724,4562,2266,7134,7466,2888,3174,7466,1408,4560,4158,3536,4632,5672,5998,984,1944,2994,3128,4748,6696,632,1326,686,620,2266,1954,2300,2056,958,462,4436,3632,2752,2432,5986,5868,4848,3256,2474,2926,3158,4034,2610,2172,4512,4056,5244,5388,2088,2230,4118,2778,3780,2972,2096,3210,0,822,1994,654,2002,2436
85,Phosphoric acid,2496,2176,1182,1616,1310,1678,1848,2116,1572,2008,2652,2316,4058,3384,1194,1620,1150,1048,2060,1930,1202,816,1960,2336,1104,1366,1822,1720,1174,0,2462,2234,1246,0,1980,2038,2472,2512,1848,1162,2104,1746,976,2032,1036,1410,1800,1182,2024,582,842,0,1530,0,1358,758,1120,1080,1902,1962,1032,1520,1636,1030,0,2088,1352,0,0,1114,0,1618,2170,2244,1914,2102,1352,1448,0,1878,1390,1478,1080,0,1296,1856,2196,2186,2174,0
86,Pipecolic acid,1916,2360,3828,3870,3350,2316,2284,3034,4062,5138,2806,2482,3836,3278,1148,1484,1774,1592,1460,1352,4214,3876,2734,2776,1596,1432,3828,2886,1868,2172,3504,3050,3568,2700,3910,6414,1632,1888,1378,1526,9444,9168,1694,1336,1450,1690,3634,2368,652,0,1218,854,1286,1262,1752,1426,970,812,2858,2982,1890,1806,3076,4396,2980,4376,1558,1404,1490,2556,1970,1510,6182,5966,5744,5376,1962,1624,4022,2962,3016,2362,1362,1512,1206,1266,2050,1990,0,1036
87,Propanal,29880,26918,31658,29566,35486,31688,31568,35924,35086,37012,37012,34426,44642,44070,45548,47600,46248,45174,47550,49696,47182,43766,45402,45136,49398,47770,44412,46590,46154,47396,48952,45752,46550,48258,45970,43946,49124,49002,43872,48014,46982,46256,46122,49542,48160,48090,43248,48946,43160,42972,43956,42620,49220,38512,42110,44858,55188,43870,43810,43100,43352,43502,43838,41074,42802,44784,42604,43782,40370,40608,39916,42554,43426,59826,40668,40768,44982,43374,41618,43770,43902,42952,44782,41652,42178,44600,41758,41428,42466,43956
88,Pyridoxal 5'-phosphate,1856,2438,2932,2556,2878,3408,4018,2872,3262,3024,2574,3410,2978,2358,3214,2988,3758,2852,2602,3732,3226,3450,3536,2674,3260,3516,3680,3218,3432,2860,3120,2846,2988,3374,2906,3342,4218,3788,3526,3760,3524,2902,4060,2854,3150,2664,3124,3146,2584,3684,2788,2666,2690,2938,2672,2912,2850,3094,3224,2880,2530,2546,2760,2350,3002,2638,2562,2700,2402,3082,2678,2502,2408,2488,2304,2428,2606,2642,2352,2046,2106,2092,2170,2676,2262,2270,2390,2464,2362,2888
89,Pyroglutamic acid,5794,5576,21038,20292,2066,2022,19262,20338,6068,6764,6808,6354,5510,3816,480,624,6750,6362,11386,11290,18896,19398,5048,3958,2928,3274,7128,7422,0,21740,33206,34542,7748,4940,1280,1034,398472,377080,92646,97420,29244,28552,30374,29190,4208,5524,3296,2572,930,886,576,556,3688,3282,23066,23022,610,998,1750,2204,3878,3744,10664,9906,1458,980,5412,6580,7714,6094,12752,11320,3468,3894,6508,7692,862,1136,41070,42318,6008,6980,4048,2884,4014,3702,16580,15846,6134,6560
90,Quinaldic acid,0,0,0,0,0,0,5842,5746,5464,4156,5150,5894,0,0,0,0,0,0,0,0,0,0,0,0,0,0,0,0,0,0,3532,3684,0,0,5224,5156,5064,4538,4348,4234,0,0,0,0,2232,1840,0,0,0,0,374,0,3176,3018,0,0,344,358,0,0,0,0,0,0,3506,3460,0,0,0,0,0,0,0,0,0,0,1354,1206,0,0,0,0,4576,3710,0,0,0,0,0,0
91,Sepiapterin,5844,6270,6024,5684,248,0,6144,5824,8040,8386,7924,7986,7866,7304,0,540,7518,7494,9362,11192,6860,6190,3572,4336,18110,17522,102,0,832,836,0,0,664,640,288,0,84,0,344,0,0,324,0,424,0,438,2908,3582,5060,4866,1766,1826,5398,5436,1870,2008,3526,2826,0,0,3712,3664,1794,2592,3850,4236,6560,6104,3908,5188,8094,7978,3000,2718,1606,1508,1560,1358,3236,2702,3950,5702,3402,3798,4690,4790,2924,1822,1814,2070
92,Serotonin,0,0,128,0,344,474,0,0,0,0,0,0,0,0,0,0,0,0,0,0,0,0,0,0,3158,4154,0,0,0,0,0,0,150,0,0,0,0,0,0,0,198,278,208,0,0,0,0,284,0,140,0,216,0,0,0,198,0,0,0,0,0,0,0,0,0,0,0,116,0,0,0,0,0,0,0,0,0,0,0,0,0,0,0,0,0,0,0,0,0,0
93,Sphingosine,8134,9042,8034,8160,3026,3366,5446,4344,3442,4252,5080,5916,5106,4586,3004,2678,4544,4872,3604,3688,4026,4082,3678,3264,1778,2708,6890,6322,4006,3920,5826,5304,4096,2914,4904,5592,4562,5536,3812,3810,7742,8930,2658,2244,2168,2090,4216,4476,1718,1850,2030,1596,2586,2368,1970,2254,2624,2296,7152,7470,3434,3576,7518,8132,7534,7178,3488,2584,2536,2320,2434,2456,5382,7012,5734,5852,2538,2572,5940,4774,5200,5828,3478,3170,2468,2428,7350,6256,2830,2684
94,Succinic acid,240,0,680,588,0,0,0,182,0,0,0,0,0,216,126,106,374,482,0,0,1148,942,180,0,386,346,624,240,208,180,374,234,364,404,1202,0,298,278,578,706,224,176,0,132,164,122,1206,1022,434,258,260,248,0,382,130,206,0,174,0,0,2706,2328,3894,4886,1270,1750,628,2556,1788,2198,582,0,2082,1652,1396,2130,1454,1314,2086,1552,706,340,0,2332,324,0,1352,1472,0,260
95,Succinylacetone,1882,1930,2090,1970,1994,1916,1812,772,794,1080,1122,1062,2958,1162,1794,1766,1280,1276,2196,1946,2806,2634,1384,780,1444,1402,1338,1530,2734,2434,2420,2674,2490,2524,3094,2830,2600,3304,3616,3428,2928,2664,2108,1360,1366,860,544,892,1670,1604,1866,1542,1448,1404,2282,2252,3800,4898,2570,2168,4154,5308,3108,3812,3492,3344,2870,3324,2882,1650,1050,972,1654,2544,2176,2444,2524,1852,878,1192,2260,2188,2676,2296,2328,1224,890,1106,2350,1396
96,Thyroxine,972,1430,3146,4014,360,680,1088,1206,1986,2478,1780,1912,1992,1634,568,656,3738,3890,1272,2524,1998,2394,1966,1588,492,412,2708,3270,1454,1076,1154,1328,1294,782,820,678,984,1492,852,1006,2644,2252,408,132,594,754,4162,3780,0,0,0,0,774,294,254,198,286,208,2332,2106,648,616,1414,1562,1918,2042,380,550,530,348,360,318,4810,4616,1298,1418,0,0,2194,2514,2972,2856,460,740,1034,282,2774,2926,158,146
97,Trimethylamine,21384,20474,98666,92896,69842,59722,111938,125470,9948,9432,8526,9246,97042,81512,3154,2442,59104,56408,2298,3116,26390,28950,119438,120626,12626,11610,157848,171270,72874,68184,164602,171128,60384,63734,50888,52928,4416,5232,9962,9302,116978,109498,2660,2934,7338,7314,30430,28756,970,764,1706,1432,2154,2010,1258,1778,4634,5468,194640,202744,31184,31446,12102,11140,57120,47198,43008,38828,9650,9562,18770,20260,26546,26418,74404,77550,4260,4712,1848,2022,85980,84784,2576,2516,40300,38872,246,298,10940,10468
98,Urea,1364,1054,2144,1810,1752,756,1910,1626,1582,1786,2222,1572,1892,2780,2324,2034,1828,2108,2228,2594,2296,2516,2644,2058,3082,2310,2194,2626,2314,2662,3062,3188,3114,3098,3122,2686,3522,3244,3904,4438,3424,4098,3386,3326,2820,2598,3088,2680,2496,2272,2162,2704,2482,1960,2104,2156,2618,2678,2288,2874,3096,2194,2938,2886,2430,2380,2548,2500,2054,2336,2264,2202,2934,2410,2568,2206,2168,2316,1848,2242,2014,2324,2604,2694,2832,2196,1902,1964,2134,2748
99,Ureidosuccinic acid,2148,1564,2218,2002,2578,2314,1642,1362,1864,1628,2630,2732,1438,1216,2504,3184,2064,2176,1896,2528,2934,3022,2136,2214,2750,2224,2154,1954,2682,1518,2936,2758,2424,2180,2148,1966,3028,2830,1810,2174,1778,1780,1998,2014,2292,1730,1716,1548,1102,1182,928,1480,1320,1314,1162,1096,782,1596,1012,1294,1804,2204,1218,1632,1612,2008,1230,1672,1104,1304,798,964,1114,1420,1090,888,1326,1538,1436,1550,1422,1180,1590,1742,1704,1882,1296,1416,1376,1214
100,Uric acid,23234,38810,17770,19898,3564,5548,5916,8784,11218,5142,7840,6558,4162,4978,17030,10890,6792,15616,15042,12430,16294,16674,9976,22344,10372,9172,10690,11300,11756,3372,36558,53670,23278,38746,14940,0,22922,31540,23014,26986,25250,0,7328,9330,7006,10594,10814,43996,16314,3162,5808,5812,16858,16748,5596,21210,10126,12098,80828,35910,9854,10240,36018,10202,21482,5584,47070,11688,27410,23146,38548,56434,32376,41314,29408,7486,12610,15176,18948,26698,29412,43428,13390,6772,10614,14670,81090,100814,34862,27966
101,Uridine,1512,1704,2544,2772,3252,2838,2426,2302,3514,3368,3788,4438,2562,2886,4722,5512,4154,4732,3472,5938,6902,5764,4858,4086,4518,3862,4138,4196,4112,2774,5036,5724,6010,4258,3282,3930,6098,6822,3656,3848,4328,3094,4252,3736,5006,3786,3176,3832,2146,2972,2574,1984,2986,2672,3208,2530,2450,2860,2836,3084,5226,4972,4556,3902,2912,3988,2818,2622,2748,2744,1708,2100,2804,2962,2480,2376,3190,3832,4724,3764,3164,3046,3542,3348,5524,4994,3312,2438,2976,3090
